rank,episode_index,n_frames,mean_jerk,max_jerk,std_jerk,action_variance,discontinuity_count,lyapunov_violation_rate,lyapunov_decay_rate,compounding_drift_slope,smoothness_score,continuity_score,lyapunov_score,drift_score,stability_score
1,23,561,2.056,12.8856,1.4143,148.6373,12,0.3732,0.011002,-0.001451,0.5026,0.9786,0.4201,0.5004,0.6005
2,10,709,1.7875,10.5045,1.3185,157.3255,14,0.3347,0.010702,-0.001748,0.4782,0.9802,0.442,0.5005,0.5991
3,9,691,2.1333,15.0404,1.4817,140.7373,15,0.3768,0.004822,-0.000672,0.4993,0.9783,0.3932,0.5002,0.5927
4,22,488,2.0244,18.8239,1.617,107.6456,7,0.347,0.01299,1.6e-05,0.4499,0.9856,0.4437,0.5,0.5923
5,46,754,1.9469,16.2225,1.4958,104.9272,18,0.3333,0.00604,-0.000854,0.4638,0.9761,0.4242,0.5002,0.5893
6,34,509,2.2169,15.2113,1.7538,175.8564,10,0.374,0.011937,-0.000289,0.4533,0.9803,0.4233,0.5001,0.5869
7,48,611,2.0077,14.256,1.6163,170.2907,13,0.3639,0.007362,-0.001229,0.4471,0.9787,0.4111,0.5003,0.5816
8,47,1154,1.8582,18.1713,1.5732,149.6561,24,0.3322,0.007728,-0.001068,0.4289,0.9792,0.4316,0.5003,0.5814
9,19,1188,2.4312,15.2616,1.7338,162.5613,22,0.4271,0.001565,-0.000113,0.4901,0.9815,0.35,0.5,0.5799
10,5,472,2.0463,14.711,1.6555,140.8341,13,0.3779,0.009409,-0.001568,0.4453,0.9724,0.4109,0.5004,0.5795
11,4,1188,2.2975,19.5427,1.742,115.1042,25,0.3951,0.002113,-0.000268,0.4685,0.9789,0.3714,0.5001,0.5781
12,28,1196,2.1435,17.0502,1.6619,125.8806,26,0.39,0.0016,0.000101,0.4605,0.9782,0.3724,0.5,0.5758
13,26,767,2.2988,14.3885,1.7434,178.6292,20,0.4373,0.006802,-0.001446,0.4684,0.9739,0.3648,0.5003,0.5753
14,41,851,2.1867,20.7219,1.6078,182.6516,15,0.4388,0.000848,0.000168,0.4794,0.9824,0.3401,0.5,0.5744
15,6,852,2.3045,13.4414,1.8063,114.0973,18,0.4207,0.005135,-0.000583,0.4567,0.9788,0.3681,0.5001,0.5738
16,27,501,2.1594,11.9788,1.4689,140.4144,9,0.502,0.001407,-0.00026,0.5065,0.982,0.3044,0.5001,0.5736
17,16,1189,2.3399,22.2988,1.6302,127.0522,18,0.4933,0.000531,-0.000237,0.4982,0.9848,0.3062,0.5001,0.5722
18,49,1147,1.9201,14.8279,1.5708,136.4305,19,0.4119,0.004871,-0.000213,0.4413,0.9834,0.3724,0.5001,0.5713
19,13,1190,2.3246,17.3571,1.6787,166.5999,21,0.471,0.000572,0.000462,0.4857,0.9823,0.3197,0.4999,0.5712
20,43,888,2.1147,28.2742,1.7772,228.0276,17,0.4002,0.006354,-0.000401,0.4315,0.9808,0.3853,0.5001,0.571
21,35,687,2.3845,32.898,2.0272,200.0184,10,0.395,0.005219,4.9e-05,0.4274,0.9854,0.3839,0.5,0.5705
22,0,565,2.0814,26.576,1.7825,127.9814,9,0.4007,0.006174,-0.000137,0.4247,0.984,0.3843,0.5,0.5695
23,33,1200,1.8149,13.2817,1.5619,72.3941,30,0.3636,0.003428,-0.000254,0.4229,0.975,0.3955,0.5001,0.5695
24,18,582,2.5689,21.042,2.0799,119.7553,12,0.4337,0.006149,0.001736,0.445,0.9793,0.3644,0.4997,0.5694
25,29,1191,2.3139,15.6953,1.8223,157.984,24,0.437,0.003352,5.8e-05,0.455,0.9798,0.3512,0.5,0.5692
26,36,1024,2.1653,19.4729,1.6399,199.416,19,0.4594,0.000781,0.000389,0.4689,0.9814,0.3275,0.4999,0.5679
27,15,1190,2.2619,18.6684,1.7423,173.3675,26,0.4516,0.001595,0.000273,0.4629,0.9781,0.3354,0.4999,0.5672
28,21,794,2.3497,16.3833,2.0052,129.4301,22,0.3897,0.004548,-8.5e-05,0.426,0.9723,0.3844,0.5,0.567
29,25,661,2.3156,14.6124,1.7174,129.749,9,0.4985,0.000767,0.001839,0.4763,0.9864,0.304,0.4996,0.5654
30,17,1184,2.1698,15.5671,1.7356,135.5586,31,0.4396,0.001825,0.000258,0.4494,0.9738,0.3436,0.4999,0.5641
31,12,1187,2.3743,19.1867,1.8341,177.4705,27,0.4688,0.000925,0.000462,0.4619,0.9772,0.3224,0.4999,0.5635
32,8,851,2.179,16.2332,1.9429,124.76,21,0.3906,0.005081,-0.000771,0.41,0.9753,0.386,0.5002,0.5633
33,44,837,2.2006,23.641,2.0369,226.7093,19,0.3983,0.006396,-0.00053,0.3963,0.9773,0.3866,0.5001,0.5599
34,11,1132,1.902,18.6464,1.7618,103.7162,26,0.3908,0.005324,-0.000314,0.396,0.977,0.3868,0.5001,0.5598
35,45,1113,2.2394,20.2227,1.9249,136.7667,29,0.429,0.003626,0.00028,0.4233,0.9739,0.3571,0.4999,0.5598
36,1,1189,2.7447,23.4358,2.0642,174.5993,19,0.5194,-0.000162,7.8e-05,0.4714,0.984,0.2884,0.5,0.5595
37,30,1201,1.817,23.1726,1.7286,108.8458,23,0.3792,0.005128,-0.000704,0.3862,0.9808,0.393,0.5002,0.5594
38,32,1201,2.6778,21.8585,2.0611,288.1704,23,0.5017,-0.001021,0.000444,0.4631,0.9808,0.299,0.4999,0.5589
39,39,587,2.0943,12.3079,1.6942,154.9074,15,0.4761,0.002933,0.000609,0.4453,0.9744,0.3261,0.4999,0.5587
40,14,672,2.4823,27.9385,2.2908,179.8427,12,0.4322,0.007942,-0.000184,0.3974,0.9821,0.3725,0.5,0.5579
41,3,1187,2.1894,33.0915,2.0045,132.6534,25,0.398,0.002305,0.000148,0.4003,0.9789,0.3704,0.5,0.5574
42,7,1187,1.9159,20.0253,1.7432,85.785,22,0.4056,0.001964,0.000336,0.4026,0.9815,0.3645,0.4999,0.5572
43,42,1194,2.1113,17.0048,1.8995,251.6944,28,0.4241,0.004627,-0.001101,0.4067,0.9765,0.364,0.5003,0.5572
44,2,897,2.0171,18.5914,1.7856,106.1244,15,0.4408,0.002072,0.000421,0.4126,0.9833,0.3438,0.4999,0.5555
45,37,1201,2.4587,31.978,2.0238,164.9163,20,0.4917,0.000533,1.3e-05,0.4391,0.9833,0.3071,0.5,0.5543
46,20,1187,2.1398,30.2439,1.9223,102.6495,22,0.4393,0.001875,-0.000159,0.4072,0.9815,0.3439,0.5,0.5535
47,40,884,2.0332,25.8827,1.8835,114.6681,15,0.4451,0.005392,4.3e-05,0.396,0.983,0.3545,0.5,0.5532
48,24,1184,1.9671,36.4086,1.797,100.9852,22,0.4717,0.002849,-0.000113,0.4011,0.9814,0.3284,0.5,0.5478
49,38,755,2.086,25.4426,1.9851,117.5417,14,0.4682,0.004655,0.000186,0.3861,0.9814,0.3377,0.5,0.5456
50,31,1201,2.1897,44.3833,2.3554,137.1477,13,0.4233,0.001177,7.3e-05,0.3411,0.9892,0.3507,0.5,0.5373
